[
    {
        "index": 1,
        "prediction": 0.03333333507180214
    },
    {
        "index": 2,
        "prediction": 1.0
    },
    {
        "index": 3,
        "prediction": 0.03703703731298447
    },
    {
        "index": 4,
        "prediction": 0.44999998807907104
    },
    {
        "index": 5,
        "prediction": 0.03333333507180214
    },
    {
        "index": 6,
        "prediction": 0.06440822780132294
    },
    {
        "index": 7,
        "prediction": 0.32500001788139343
    },
    {
        "index": 8,
        "prediction": 0.1190476268529892
    },
    {
        "index": 9,
        "prediction": 1.0
    },
    {
        "index": 10,
        "prediction": 0.8400000333786011
    },
    {
        "index": 11,
        "prediction": 0.03481481596827507
    },
    {
        "index": 12,
        "prediction": 0.608571469783783
    },
    {
        "index": 13,
        "prediction": 1.0
    },
    {
        "index": 14,
        "prediction": 0.015781577676534653
    },
    {
        "index": 15,
        "prediction": 0.2351190447807312
    },
    {
        "index": 16,
        "prediction": 0.3333333730697632
    },
    {
        "index": 17,
        "prediction": 0.44999998807907104
    },
    {
        "index": 18,
        "prediction": 0.03333333507180214
    },
    {
        "index": 19,
        "prediction": 0.44999998807907104
    },
    {
        "index": 20,
        "prediction": 0.1190476268529892
    },
    {
        "index": 21,
        "prediction": 0.03703703731298447
    },
    {
        "index": 22,
        "prediction": 0.9729729890823364
    },
    {
        "index": 23,
        "prediction": 0.888888955116272
    },
    {
        "index": 24,
        "prediction": 0.8396271467208862
    },
    {
        "index": 25,
        "prediction": 0.03333333507180214
    },
    {
        "index": 26,
        "prediction": 0.3125
    },
    {
        "index": 27,
        "prediction": 1.0
    },
    {
        "index": 28,
        "prediction": 0.888888955116272
    },
    {
        "index": 29,
        "prediction": 0.03703703731298447
    },
    {
        "index": 30,
        "prediction": 0.44999998807907104
    },
    {
        "index": 31,
        "prediction": 0.75
    },
    {
        "index": 32,
        "prediction": 0.1190476268529892
    },
    {
        "index": 33,
        "prediction": 0.9729729890823364
    },
    {
        "index": 34,
        "prediction": 0.0
    },
    {
        "index": 35,
        "prediction": 0.8400000333786011
    },
    {
        "index": 36,
        "prediction": 0.9729729890823364
    },
    {
        "index": 37,
        "prediction": 0.7285714745521545
    },
    {
        "index": 38,
        "prediction": 0.3125
    },
    {
        "index": 39,
        "prediction": 0.888888955116272
    },
    {
        "index": 40,
        "prediction": 0.8693333864212036
    },
    {
        "index": 41,
        "prediction": 0.055555559694767
    },
    {
        "index": 42,
        "prediction": 0.7142857313156128
    },
    {
        "index": 43,
        "prediction": 0.888888955116272
    },
    {
        "index": 44,
        "prediction": 1.0
    },
    {
        "index": 45,
        "prediction": 0.7142857313156128
    },
    {
        "index": 46,
        "prediction": 0.9891892671585083
    },
    {
        "index": 47,
        "prediction": 0.36075639724731445
    },
    {
        "index": 48,
        "prediction": 0.03333333507180214
    },
    {
        "index": 49,
        "prediction": 0.9729729890823364
    },
    {
        "index": 50,
        "prediction": 0.32083332538604736
    },
    {
        "index": 51,
        "prediction": 0.03333333507180214
    },
    {
        "index": 52,
        "prediction": 0.2351190447807312
    },
    {
        "index": 53,
        "prediction": 0.3333333730697632
    },
    {
        "index": 54,
        "prediction": 1.0
    },
    {
        "index": 55,
        "prediction": 0.3333333730697632
    },
    {
        "index": 56,
        "prediction": 0.1190476268529892
    },
    {
        "index": 57,
        "prediction": 0.9729729890823364
    },
    {
        "index": 58,
        "prediction": 0.7142857313156128
    },
    {
        "index": 59,
        "prediction": 0.44999998807907104
    },
    {
        "index": 60,
        "prediction": 0.888888955116272
    },
    {
        "index": 61,
        "prediction": 0.055555559694767
    },
    {
        "index": 62,
        "prediction": 0.03703703731298447
    },
    {
        "index": 63,
        "prediction": 0.03703703731298447
    },
    {
        "index": 64,
        "prediction": 0.9225225448608398
    },
    {
        "index": 65,
        "prediction": 0.3675000071525574
    },
    {
        "index": 66,
        "prediction": 0.7142857313156128
    },
    {
        "index": 67,
        "prediction": 0.3125
    },
    {
        "index": 68,
        "prediction": 0.8400000333786011
    },
    {
        "index": 69,
        "prediction": 0.03703703731298447
    },
    {
        "index": 70,
        "prediction": 0.03703703731298447
    },
    {
        "index": 71,
        "prediction": 0.888888955116272
    },
    {
        "index": 72,
        "prediction": 0.055555559694767
    },
    {
        "index": 73,
        "prediction": 0.9729729890823364
    },
    {
        "index": 74,
        "prediction": 1.0
    },
    {
        "index": 75,
        "prediction": 1.0
    },
    {
        "index": 76,
        "prediction": 0.888888955116272
    },
    {
        "index": 77,
        "prediction": 0.7142857313156128
    },
    {
        "index": 78,
        "prediction": 0.3125
    },
    {
        "index": 79,
        "prediction": 0.10476191341876984
    },
    {
        "index": 80,
        "prediction": 0.03333333507180214
    },
    {
        "index": 81,
        "prediction": 0.888888955116272
    },
    {
        "index": 82,
        "prediction": 0.9729729890823364
    },
    {
        "index": 83,
        "prediction": 0.888888955116272
    },
    {
        "index": 84,
        "prediction": 0.1190476268529892
    },
    {
        "index": 85,
        "prediction": 0.9891892671585083
    },
    {
        "index": 86,
        "prediction": 0.9729729890823364
    },
    {
        "index": 87,
        "prediction": 0.6391510367393494
    },
    {
        "index": 88,
        "prediction": 0.888888955116272
    },
    {
        "index": 89,
        "prediction": 0.7142857313156128
    },
    {
        "index": 90,
        "prediction": 0.05253961682319641
    },
    {
        "index": 91,
        "prediction": 0.0
    },
    {
        "index": 92,
        "prediction": 0.1190476268529892
    },
    {
        "index": 93,
        "prediction": 0.8400000333786011
    },
    {
        "index": 94,
        "prediction": 0.0
    },
    {
        "index": 95,
        "prediction": 0.9729729890823364
    },
    {
        "index": 96,
        "prediction": 0.05121573433279991
    },
    {
        "index": 97,
        "prediction": 0.03703703731298447
    },
    {
        "index": 98,
        "prediction": 0.8400000333786011
    },
    {
        "index": 99,
        "prediction": 0.75
    },
    {
        "index": 100,
        "prediction": 0.06624731421470642
    },
    {
        "index": 101,
        "prediction": 0.3125
    },
    {
        "index": 102,
        "prediction": 0.7142857313156128
    },
    {
        "index": 103,
        "prediction": 0.8693333864212036
    },
    {
        "index": 104,
        "prediction": 0.8400000333786011
    },
    {
        "index": 105,
        "prediction": 0.44999998807907104
    },
    {
        "index": 106,
        "prediction": 0.888888955116272
    },
    {
        "index": 107,
        "prediction": 0.8477469682693481
    },
    {
        "index": 108,
        "prediction": 0.1190476268529892
    },
    {
        "index": 109,
        "prediction": 0.03703703731298447
    },
    {
        "index": 110,
        "prediction": 0.03333333507180214
    },
    {
        "index": 111,
        "prediction": 0.888888955116272
    },
    {
        "index": 112,
        "prediction": 0.4104411005973816
    },
    {
        "index": 113,
        "prediction": 1.0
    },
    {
        "index": 114,
        "prediction": 0.1190476268529892
    },
    {
        "index": 115,
        "prediction": 0.10476191341876984
    },
    {
        "index": 116,
        "prediction": 0.0
    },
    {
        "index": 117,
        "prediction": 0.32877832651138306
    },
    {
        "index": 118,
        "prediction": 0.7142857313156128
    },
    {
        "index": 119,
        "prediction": 1.0
    },
    {
        "index": 120,
        "prediction": 0.3538426160812378
    },
    {
        "index": 121,
        "prediction": 1.0
    },
    {
        "index": 122,
        "prediction": 0.03333333507180214
    },
    {
        "index": 123,
        "prediction": 0.03333333507180214
    },
    {
        "index": 124,
        "prediction": 0.03333333507180214
    },
    {
        "index": 125,
        "prediction": 0.8400000333786011
    },
    {
        "index": 126,
        "prediction": 1.0
    },
    {
        "index": 127,
        "prediction": 0.1190476268529892
    },
    {
        "index": 128,
        "prediction": 1.0
    },
    {
        "index": 129,
        "prediction": 0.7860000133514404
    },
    {
        "index": 130,
        "prediction": 1.0
    },
    {
        "index": 131,
        "prediction": 0.48580431938171387
    },
    {
        "index": 132,
        "prediction": 0.0833333432674408
    },
    {
        "index": 133,
        "prediction": 0.7142857313156128
    },
    {
        "index": 134,
        "prediction": 0.735714316368103
    },
    {
        "index": 135,
        "prediction": 0.09459096193313599
    },
    {
        "index": 136,
        "prediction": 0.7142857313156128
    },
    {
        "index": 137,
        "prediction": 0.0
    },
    {
        "index": 138,
        "prediction": 0.1190476268529892
    },
    {
        "index": 139,
        "prediction": 0.888888955116272
    },
    {
        "index": 140,
        "prediction": 0.75
    },
    {
        "index": 141,
        "prediction": 0.03703703731298447
    },
    {
        "index": 142,
        "prediction": 0.1190476268529892
    },
    {
        "index": 143,
        "prediction": 1.0
    },
    {
        "index": 144,
        "prediction": 0.8400000333786011
    },
    {
        "index": 145,
        "prediction": 0.9729729890823364
    },
    {
        "index": 146,
        "prediction": 1.0
    },
    {
        "index": 147,
        "prediction": 1.0
    },
    {
        "index": 148,
        "prediction": 0.0833333432674408
    },
    {
        "index": 149,
        "prediction": 0.7142857313156128
    },
    {
        "index": 150,
        "prediction": 0.9729729890823364
    },
    {
        "index": 151,
        "prediction": 0.8400000333786011
    },
    {
        "index": 152,
        "prediction": 0.8400000333786011
    },
    {
        "index": 153,
        "prediction": 0.7142857313156128
    },
    {
        "index": 154,
        "prediction": 0.1190476268529892
    },
    {
        "index": 155,
        "prediction": 0.7142857313156128
    },
    {
        "index": 156,
        "prediction": 0.9729729890823364
    },
    {
        "index": 157,
        "prediction": 0.888888955116272
    },
    {
        "index": 158,
        "prediction": 0.9729729890823364
    },
    {
        "index": 159,
        "prediction": 0.055555559694767
    },
    {
        "index": 160,
        "prediction": 0.1964285671710968
    },
    {
        "index": 161,
        "prediction": 0.9729729890823364
    },
    {
        "index": 162,
        "prediction": 0.7142857313156128
    },
    {
        "index": 163,
        "prediction": 0.1190476268529892
    },
    {
        "index": 164,
        "prediction": 0.03481481596827507
    },
    {
        "index": 165,
        "prediction": 0.9729729890823364
    },
    {
        "index": 166,
        "prediction": 0.31311818957328796
    },
    {
        "index": 167,
        "prediction": 0.9729729890823364
    },
    {
        "index": 168,
        "prediction": 0.7142857313156128
    },
    {
        "index": 169,
        "prediction": 0.9729729890823364
    },
    {
        "index": 170,
        "prediction": 0.7142857313156128
    },
    {
        "index": 171,
        "prediction": 0.9729729890823364
    },
    {
        "index": 172,
        "prediction": 0.888888955116272
    },
    {
        "index": 173,
        "prediction": 0.03703703731298447
    },
    {
        "index": 174,
        "prediction": 0.9729729890823364
    },
    {
        "index": 175,
        "prediction": 0.3125
    },
    {
        "index": 176,
        "prediction": 0.7142857313156128
    },
    {
        "index": 177,
        "prediction": 0.9729729890823364
    },
    {
        "index": 178,
        "prediction": 0.0
    },
    {
        "index": 179,
        "prediction": 0.3675000071525574
    },
    {
        "index": 180,
        "prediction": 0.1190476268529892
    },
    {
        "index": 181,
        "prediction": 0.7142857313156128
    },
    {
        "index": 182,
        "prediction": 0.8040000200271606
    },
    {
        "index": 183,
        "prediction": 0.7142857313156128
    },
    {
        "index": 184,
        "prediction": 0.1190476268529892
    },
    {
        "index": 185,
        "prediction": 0.3125
    },
    {
        "index": 186,
        "prediction": 0.888888955116272
    },
    {
        "index": 187,
        "prediction": 0.1190476268529892
    },
    {
        "index": 188,
        "prediction": 0.4033333659172058
    },
    {
        "index": 189,
        "prediction": 0.0
    },
    {
        "index": 190,
        "prediction": 0.9729729890823364
    },
    {
        "index": 191,
        "prediction": 0.9729729890823364
    },
    {
        "index": 192,
        "prediction": 0.3125
    },
    {
        "index": 193,
        "prediction": 0.3125
    },
    {
        "index": 194,
        "prediction": 0.03703703731298447
    },
    {
        "index": 195,
        "prediction": 0.9891892671585083
    },
    {
        "index": 196,
        "prediction": 0.44999998807907104
    },
    {
        "index": 197,
        "prediction": 0.7142857313156128
    },
    {
        "index": 198,
        "prediction": 0.888888955116272
    },
    {
        "index": 199,
        "prediction": 0.3333333730697632
    },
    {
        "index": 200,
        "prediction": 0.3125
    },
    {
        "index": 201,
        "prediction": 0.888888955116272
    },
    {
        "index": 202,
        "prediction": 0.0833333432674408
    },
    {
        "index": 203,
        "prediction": 0.3125
    },
    {
        "index": 204,
        "prediction": 0.9729729890823364
    },
    {
        "index": 205,
        "prediction": 0.8400000333786011
    },
    {
        "index": 206,
        "prediction": 0.03333333507180214
    },
    {
        "index": 207,
        "prediction": 0.035555556416511536
    },
    {
        "index": 208,
        "prediction": 0.03481481596827507
    },
    {
        "index": 209,
        "prediction": 0.3125
    },
    {
        "index": 210,
        "prediction": 0.06481482088565826
    },
    {
        "index": 211,
        "prediction": 0.7142857313156128
    },
    {
        "index": 212,
        "prediction": 0.888888955116272
    },
    {
        "index": 213,
        "prediction": 0.1190476268529892
    },
    {
        "index": 214,
        "prediction": 0.03333333507180214
    },
    {
        "index": 215,
        "prediction": 1.0
    },
    {
        "index": 216,
        "prediction": 1.0
    },
    {
        "index": 217,
        "prediction": 0.9393393993377686
    },
    {
        "index": 218,
        "prediction": 0.03703703731298447
    },
    {
        "index": 219,
        "prediction": 0.44999998807907104
    },
    {
        "index": 220,
        "prediction": 0.3125
    },
    {
        "index": 221,
        "prediction": 0.888888955116272
    },
    {
        "index": 222,
        "prediction": 0.44999998807907104
    },
    {
        "index": 223,
        "prediction": 0.03703703731298447
    },
    {
        "index": 224,
        "prediction": 0.8595556020736694
    },
    {
        "index": 225,
        "prediction": 0.9729729890823364
    },
    {
        "index": 226,
        "prediction": 0.0133333345875144
    },
    {
        "index": 227,
        "prediction": 0.03703703731298447
    },
    {
        "index": 228,
        "prediction": 0.44999998807907104
    },
    {
        "index": 229,
        "prediction": 1.0
    },
    {
        "index": 230,
        "prediction": 0.7856360673904419
    },
    {
        "index": 231,
        "prediction": 0.1190476268529892
    },
    {
        "index": 232,
        "prediction": 0.03703703731298447
    },
    {
        "index": 233,
        "prediction": 0.888888955116272
    },
    {
        "index": 234,
        "prediction": 0.888888955116272
    },
    {
        "index": 235,
        "prediction": 0.44999998807907104
    },
    {
        "index": 236,
        "prediction": 0.1190476268529892
    },
    {
        "index": 237,
        "prediction": 0.9729729890823364
    },
    {
        "index": 238,
        "prediction": 0.03333333507180214
    },
    {
        "index": 239,
        "prediction": 0.0
    },
    {
        "index": 240,
        "prediction": 0.7142857313156128
    },
    {
        "index": 241,
        "prediction": 0.020093927159905434
    },
    {
        "index": 242,
        "prediction": 0.9729729890823364
    },
    {
        "index": 243,
        "prediction": 0.0833333432674408
    },
    {
        "index": 244,
        "prediction": 0.8400000333786011
    },
    {
        "index": 245,
        "prediction": 0.888888955116272
    },
    {
        "index": 246,
        "prediction": 0.44999998807907104
    },
    {
        "index": 247,
        "prediction": 0.03703703731298447
    },
    {
        "index": 248,
        "prediction": 0.7142857313156128
    },
    {
        "index": 249,
        "prediction": 0.32083332538604736
    },
    {
        "index": 250,
        "prediction": 0.7142857313156128
    },
    {
        "index": 251,
        "prediction": 0.8400000333786011
    },
    {
        "index": 252,
        "prediction": 0.03333333507180214
    },
    {
        "index": 253,
        "prediction": 0.03333333507180214
    },
    {
        "index": 254,
        "prediction": 0.1190476268529892
    },
    {
        "index": 255,
        "prediction": 1.0
    },
    {
        "index": 256,
        "prediction": 0.03333333507180214
    },
    {
        "index": 257,
        "prediction": 0.03333333507180214
    },
    {
        "index": 258,
        "prediction": 0.7142857313156128
    },
    {
        "index": 259,
        "prediction": 1.0
    },
    {
        "index": 260,
        "prediction": 0.0833333432674408
    },
    {
        "index": 261,
        "prediction": 0.44999998807907104
    },
    {
        "index": 262,
        "prediction": 1.0
    },
    {
        "index": 263,
        "prediction": 0.3125
    },
    {
        "index": 264,
        "prediction": 0.3125
    },
    {
        "index": 265,
        "prediction": 0.31318700313568115
    },
    {
        "index": 266,
        "prediction": 0.03333333507180214
    },
    {
        "index": 267,
        "prediction": 0.888888955116272
    },
    {
        "index": 268,
        "prediction": 0.888888955116272
    },
    {
        "index": 269,
        "prediction": 0.3125
    },
    {
        "index": 270,
        "prediction": 0.9729729890823364
    },
    {
        "index": 271,
        "prediction": 0.0
    },
    {
        "index": 272,
        "prediction": 0.0
    },
    {
        "index": 273,
        "prediction": 0.888888955116272
    },
    {
        "index": 274,
        "prediction": 0.3333333730697632
    },
    {
        "index": 275,
        "prediction": 0.9729729890823364
    },
    {
        "index": 276,
        "prediction": 0.8400000333786011
    },
    {
        "index": 277,
        "prediction": 1.0
    },
    {
        "index": 278,
        "prediction": 0.44999998807907104
    },
    {
        "index": 279,
        "prediction": 0.03333333507180214
    },
    {
        "index": 280,
        "prediction": 1.0
    },
    {
        "index": 281,
        "prediction": 0.9729729890823364
    },
    {
        "index": 282,
        "prediction": 0.03703703731298447
    },
    {
        "index": 283,
        "prediction": 0.9729729890823364
    },
    {
        "index": 284,
        "prediction": 1.0
    },
    {
        "index": 285,
        "prediction": 0.1190476268529892
    },
    {
        "index": 286,
        "prediction": 0.3125
    },
    {
        "index": 287,
        "prediction": 0.75
    },
    {
        "index": 288,
        "prediction": 0.03703703731298447
    },
    {
        "index": 289,
        "prediction": 0.32902127504348755
    },
    {
        "index": 290,
        "prediction": 0.3333333730697632
    },
    {
        "index": 291,
        "prediction": 0.2351190447807312
    },
    {
        "index": 292,
        "prediction": 0.03703703731298447
    },
    {
        "index": 293,
        "prediction": 0.1190476268529892
    },
    {
        "index": 294,
        "prediction": 0.03333333507180214
    },
    {
        "index": 295,
        "prediction": 1.0
    },
    {
        "index": 296,
        "prediction": 0.03333333507180214
    },
    {
        "index": 297,
        "prediction": 0.1190476268529892
    },
    {
        "index": 298,
        "prediction": 0.07921851426362991
    },
    {
        "index": 299,
        "prediction": 0.39500001072883606
    },
    {
        "index": 300,
        "prediction": 0.06984127312898636
    },
    {
        "index": 301,
        "prediction": 0.44999998807907104
    },
    {
        "index": 302,
        "prediction": 0.0
    },
    {
        "index": 303,
        "prediction": 0.9729729890823364
    },
    {
        "index": 304,
        "prediction": 0.03333333507180214
    },
    {
        "index": 305,
        "prediction": 0.1190476268529892
    },
    {
        "index": 306,
        "prediction": 0.9729729890823364
    },
    {
        "index": 307,
        "prediction": 0.9729729890823364
    },
    {
        "index": 308,
        "prediction": 0.8400000333786011
    },
    {
        "index": 309,
        "prediction": 0.03703703731298447
    },
    {
        "index": 310,
        "prediction": 0.888888955116272
    },
    {
        "index": 311,
        "prediction": 0.03703703731298447
    },
    {
        "index": 312,
        "prediction": 0.8455239534378052
    },
    {
        "index": 313,
        "prediction": 0.03333333507180214
    },
    {
        "index": 314,
        "prediction": 0.1190476268529892
    },
    {
        "index": 315,
        "prediction": 0.888888955116272
    },
    {
        "index": 316,
        "prediction": 0.8400000333786011
    },
    {
        "index": 317,
        "prediction": 0.888888955116272
    },
    {
        "index": 318,
        "prediction": 1.0
    },
    {
        "index": 319,
        "prediction": 0.44999998807907104
    },
    {
        "index": 320,
        "prediction": 0.888888955116272
    },
    {
        "index": 321,
        "prediction": 0.9729729890823364
    },
    {
        "index": 322,
        "prediction": 0.8400000333786011
    },
    {
        "index": 323,
        "prediction": 0.9729729890823364
    },
    {
        "index": 324,
        "prediction": 0.1190476268529892
    },
    {
        "index": 325,
        "prediction": 0.03333333507180214
    },
    {
        "index": 326,
        "prediction": 0.7142857313156128
    },
    {
        "index": 327,
        "prediction": 0.03333333507180214
    },
    {
        "index": 328,
        "prediction": 0.9729729890823364
    },
    {
        "index": 329,
        "prediction": 0.8040000200271606
    },
    {
        "index": 330,
        "prediction": 0.888888955116272
    },
    {
        "index": 331,
        "prediction": 1.0
    },
    {
        "index": 332,
        "prediction": 0.3125
    },
    {
        "index": 333,
        "prediction": 0.1190476268529892
    },
    {
        "index": 334,
        "prediction": 0.3125
    },
    {
        "index": 335,
        "prediction": 0.03703703731298447
    },
    {
        "index": 336,
        "prediction": 0.8400000333786011
    },
    {
        "index": 337,
        "prediction": 0.9729729890823364
    },
    {
        "index": 338,
        "prediction": 0.0
    },
    {
        "index": 339,
        "prediction": 0.03333333507180214
    },
    {
        "index": 340,
        "prediction": 0.0
    },
    {
        "index": 341,
        "prediction": 0.0
    },
    {
        "index": 342,
        "prediction": 0.9225225448608398
    },
    {
        "index": 343,
        "prediction": 0.3125
    },
    {
        "index": 344,
        "prediction": 0.7142857313156128
    },
    {
        "index": 345,
        "prediction": 0.7142857313156128
    },
    {
        "index": 346,
        "prediction": 0.0833333432674408
    },
    {
        "index": 347,
        "prediction": 0.1190476268529892
    },
    {
        "index": 348,
        "prediction": 0.9729729890823364
    },
    {
        "index": 349,
        "prediction": 0.44999998807907104
    },
    {
        "index": 350,
        "prediction": 0.7142857313156128
    },
    {
        "index": 351,
        "prediction": 0.75
    },
    {
        "index": 352,
        "prediction": 0.7142857313156128
    },
    {
        "index": 353,
        "prediction": 0.0
    },
    {
        "index": 354,
        "prediction": 0.44999998807907104
    },
    {
        "index": 355,
        "prediction": 0.0833333432674408
    },
    {
        "index": 356,
        "prediction": 0.1190476268529892
    },
    {
        "index": 357,
        "prediction": 0.1190476268529892
    },
    {
        "index": 358,
        "prediction": 0.7142857313156128
    },
    {
        "index": 359,
        "prediction": 1.0
    },
    {
        "index": 360,
        "prediction": 0.03566152974963188
    },
    {
        "index": 361,
        "prediction": 0.888888955116272
    },
    {
        "index": 362,
        "prediction": 0.7142857313156128
    },
    {
        "index": 363,
        "prediction": 0.7645714282989502
    },
    {
        "index": 364,
        "prediction": 0.3125
    },
    {
        "index": 365,
        "prediction": 0.7142857313156128
    },
    {
        "index": 366,
        "prediction": 0.9729729890823364
    },
    {
        "index": 367,
        "prediction": 0.989096999168396
    },
    {
        "index": 368,
        "prediction": 0.1190476268529892
    },
    {
        "index": 369,
        "prediction": 0.9729729890823364
    },
    {
        "index": 370,
        "prediction": 0.0833333432674408
    },
    {
        "index": 371,
        "prediction": 0.8400000333786011
    },
    {
        "index": 372,
        "prediction": 1.0
    },
    {
        "index": 373,
        "prediction": 0.1190476268529892
    },
    {
        "index": 374,
        "prediction": 0.7142857313156128
    },
    {
        "index": 375,
        "prediction": 1.0
    },
    {
        "index": 376,
        "prediction": 0.02232603169977665
    },
    {
        "index": 377,
        "prediction": 0.9891892671585083
    },
    {
        "index": 378,
        "prediction": 0.9729729890823364
    },
    {
        "index": 379,
        "prediction": 0.03703703731298447
    },
    {
        "index": 380,
        "prediction": 0.8400000333786011
    },
    {
        "index": 381,
        "prediction": 0.9729729890823364
    },
    {
        "index": 382,
        "prediction": 0.9729729890823364
    },
    {
        "index": 383,
        "prediction": 0.888888955116272
    },
    {
        "index": 384,
        "prediction": 0.1190476268529892
    },
    {
        "index": 385,
        "prediction": 0.9729729890823364
    },
    {
        "index": 386,
        "prediction": 0.634460985660553
    },
    {
        "index": 387,
        "prediction": 0.16363957524299622
    },
    {
        "index": 388,
        "prediction": 0.3125
    },
    {
        "index": 389,
        "prediction": 1.0
    },
    {
        "index": 390,
        "prediction": 0.0
    },
    {
        "index": 391,
        "prediction": 0.9729729890823364
    },
    {
        "index": 392,
        "prediction": 0.8400000333786011
    },
    {
        "index": 393,
        "prediction": 0.055555559694767
    },
    {
        "index": 394,
        "prediction": 0.44999998807907104
    },
    {
        "index": 395,
        "prediction": 0.9729729890823364
    },
    {
        "index": 396,
        "prediction": 0.888888955116272
    },
    {
        "index": 397,
        "prediction": 0.9729729890823364
    },
    {
        "index": 398,
        "prediction": 0.888888955116272
    },
    {
        "index": 399,
        "prediction": 1.0
    },
    {
        "index": 400,
        "prediction": 0.7142857313156128
    },
    {
        "index": 401,
        "prediction": 0.9729729890823364
    },
    {
        "index": 402,
        "prediction": 0.888888955116272
    },
    {
        "index": 403,
        "prediction": 0.3125
    },
    {
        "index": 404,
        "prediction": 0.03333333507180214
    },
    {
        "index": 405,
        "prediction": 0.5557143092155457
    },
    {
        "index": 406,
        "prediction": 0.8040000200271606
    },
    {
        "index": 407,
        "prediction": 0.1190476268529892
    },
    {
        "index": 408,
        "prediction": 0.75
    },
    {
        "index": 409,
        "prediction": 0.9393393993377686
    },
    {
        "index": 410,
        "prediction": 0.7142857313156128
    },
    {
        "index": 411,
        "prediction": 0.44649314880371094
    },
    {
        "index": 412,
        "prediction": 0.1190476268529892
    },
    {
        "index": 413,
        "prediction": 0.888888955116272
    },
    {
        "index": 414,
        "prediction": 0.9729729890823364
    },
    {
        "index": 415,
        "prediction": 0.44999998807907104
    },
    {
        "index": 416,
        "prediction": 0.1190476268529892
    },
    {
        "index": 417,
        "prediction": 0.9729729890823364
    },
    {
        "index": 418,
        "prediction": 0.0
    },
    {
        "index": 419,
        "prediction": 0.9729729890823364
    },
    {
        "index": 420,
        "prediction": 0.9729729890823364
    },
    {
        "index": 421,
        "prediction": 0.888888955116272
    },
    {
        "index": 422,
        "prediction": 0.7142857313156128
    },
    {
        "index": 423,
        "prediction": 0.888888955116272
    },
    {
        "index": 424,
        "prediction": 0.8400000333786011
    },
    {
        "index": 425,
        "prediction": 0.32547685503959656
    },
    {
        "index": 426,
        "prediction": 0.10476191341876984
    },
    {
        "index": 427,
        "prediction": 0.75
    },
    {
        "index": 428,
        "prediction": 0.8400000333786011
    },
    {
        "index": 429,
        "prediction": 0.03333333507180214
    },
    {
        "index": 430,
        "prediction": 0.3125
    },
    {
        "index": 431,
        "prediction": 0.3125
    },
    {
        "index": 432,
        "prediction": 0.9128869771957397
    },
    {
        "index": 433,
        "prediction": 0.9729729890823364
    },
    {
        "index": 434,
        "prediction": 0.5557143092155457
    },
    {
        "index": 435,
        "prediction": 0.03703703731298447
    },
    {
        "index": 436,
        "prediction": 0.44999998807907104
    },
    {
        "index": 437,
        "prediction": 0.1190476268529892
    },
    {
        "index": 438,
        "prediction": 0.0833333432674408
    },
    {
        "index": 439,
        "prediction": 0.44999998807907104
    },
    {
        "index": 440,
        "prediction": 0.2351190447807312
    },
    {
        "index": 441,
        "prediction": 0.0
    },
    {
        "index": 442,
        "prediction": 0.7142857313156128
    },
    {
        "index": 443,
        "prediction": 0.8595556020736694
    },
    {
        "index": 444,
        "prediction": 0.03703703731298447
    },
    {
        "index": 445,
        "prediction": 0.9729729890823364
    },
    {
        "index": 446,
        "prediction": 0.0833333432674408
    },
    {
        "index": 447,
        "prediction": 0.75
    },
    {
        "index": 448,
        "prediction": 0.888888955116272
    },
    {
        "index": 449,
        "prediction": 0.7142857313156128
    },
    {
        "index": 450,
        "prediction": 0.03333333507180214
    },
    {
        "index": 451,
        "prediction": 0.44999998807907104
    },
    {
        "index": 452,
        "prediction": 1.0
    },
    {
        "index": 453,
        "prediction": 0.0833333432674408
    },
    {
        "index": 454,
        "prediction": 0.888888955116272
    },
    {
        "index": 455,
        "prediction": 0.9729729890823364
    },
    {
        "index": 456,
        "prediction": 0.8595556020736694
    },
    {
        "index": 457,
        "prediction": 0.0
    },
    {
        "index": 458,
        "prediction": 0.1190476268529892
    },
    {
        "index": 459,
        "prediction": 0.5137637853622437
    },
    {
        "index": 460,
        "prediction": 0.9729729890823364
    },
    {
        "index": 461,
        "prediction": 0.7142857313156128
    },
    {
        "index": 462,
        "prediction": 0.888888955116272
    },
    {
        "index": 463,
        "prediction": 0.9729729890823364
    },
    {
        "index": 464,
        "prediction": 0.888888955116272
    },
    {
        "index": 465,
        "prediction": 0.888888955116272
    },
    {
        "index": 466,
        "prediction": 0.7142857313156128
    },
    {
        "index": 467,
        "prediction": 1.0
    },
    {
        "index": 468,
        "prediction": 0.7142857313156128
    },
    {
        "index": 469,
        "prediction": 0.44999998807907104
    },
    {
        "index": 470,
        "prediction": 0.1190476268529892
    },
    {
        "index": 471,
        "prediction": 0.5557143092155457
    },
    {
        "index": 472,
        "prediction": 0.75
    },
    {
        "index": 473,
        "prediction": 1.0
    },
    {
        "index": 474,
        "prediction": 0.03703703731298447
    },
    {
        "index": 475,
        "prediction": 0.03703703731298447
    },
    {
        "index": 476,
        "prediction": 0.7142857313156128
    },
    {
        "index": 477,
        "prediction": 0.7142857313156128
    },
    {
        "index": 478,
        "prediction": 0.888888955116272
    },
    {
        "index": 479,
        "prediction": 0.9729729890823364
    },
    {
        "index": 480,
        "prediction": 0.03703703731298447
    },
    {
        "index": 481,
        "prediction": 0.1190476268529892
    },
    {
        "index": 482,
        "prediction": 0.44999998807907104
    },
    {
        "index": 483,
        "prediction": 0.7142857313156128
    },
    {
        "index": 484,
        "prediction": 0.44999998807907104
    },
    {
        "index": 485,
        "prediction": 0.8764066696166992
    },
    {
        "index": 486,
        "prediction": 0.9729729890823364
    },
    {
        "index": 487,
        "prediction": 0.1190476268529892
    },
    {
        "index": 488,
        "prediction": 0.888888955116272
    },
    {
        "index": 489,
        "prediction": 0.9729729890823364
    },
    {
        "index": 490,
        "prediction": 0.888888955116272
    },
    {
        "index": 491,
        "prediction": 0.9729729890823364
    },
    {
        "index": 492,
        "prediction": 0.3125
    },
    {
        "index": 493,
        "prediction": 0.03333333507180214
    },
    {
        "index": 494,
        "prediction": 0.3125
    },
    {
        "index": 495,
        "prediction": 0.7142857313156128
    },
    {
        "index": 496,
        "prediction": 1.0
    },
    {
        "index": 497,
        "prediction": 0.1190476268529892
    },
    {
        "index": 498,
        "prediction": 0.9837838411331177
    },
    {
        "index": 499,
        "prediction": 1.0
    },
    {
        "index": 500,
        "prediction": 1.0
    }
]